"class_01, 8/19/2025"
lrlamb
mp79
gorme
gormanct
khix
pedrof
sdindl
tbraley
tkorth
nnicodin
devarr
anshp
jmr40
lkfrost
spaladi
kh155
dw58
swaindr
crb27
aashish
dm99
ashjj
jiaxuanz
jsmako
pab6
jarega
jrvann
aclim
trd7
camronm
ronaldpr
codyam
ddabe
wthacher
neerattr
ewf
vanvoora
bds7
mccox
ybobbala
ariwoola
wohlwins
muthuses
suprawee
"class_02, 8/21/2025"
dd26
aclim
swaindr
adocteur
jsmateo
devarr
jarega
crb27
wohlwins
mp79
gorme
dw58
lkfrost
suprawee
tl26
ssjadhav
bds7
chhetrik
sdindl
khix
ddabe
gormanct
tbraley
tkorth
nnicodin
anshp
ronwdpr
camronm
ariwoola
trd7
spaladi
ybobbala
jrvann
mccox
tabakian
codyam
neerattr
vanvoora
lrlamb
jiaxuanz
ashjj
pab6
kh155
aashish
muthuses
dm99
ewf
wthacher
jmr40
"class_03, 8/26/2025"
kh155
aashish
tabakian
pab6
ashjj
swaindr
dm99
neerattr
wohlwins
wthacher
jarega
devarr
jiaxuanz
suprawee
gorme
dw58
mp79
lkfrost
jmr40
tl26
ssjadhav
bds7
khix
ddabe
gormanct
sdindl
tbraley
tkorth
nnicodin
muthuses
camronm
spaladi
trd7
ronaldpr
anshp
jrvann
ybobbala
mccox
codyam
chhetrik
pedrof
aclim
dd26
lrlamb
adocteur
"class_04, 8/28/2025"
kh155
dd26
aashish
swaindr
jsmateo
devarr
suprawee
dw58
mp79
gorme
jmr40
gormanct
lkfrost
khix
sdindl
bds7
nnicodin
tkorth
tbraley
pedrof
ddabe
dm99
wohlwins
muthuses
jiaxuanz
camronm
aclim
ybobbala
ronaldpr
adocteur
"class_05, 9/2/2025"
kh155
suprawee
aashish
jiaxuanz
jsmateo
adocteur
dm99
tabakian
wthacher
ewf
jarega
devarr
pab6
vanvoora
neerattr
gormanct
ybobbala
tl26
ssjadhav
spaladi
bds7
khix
jmr40
ddabe
pedrof
tkorth
nnicodin
lrlamb
trd7
chhetrik
codyam
dw58
mp79
muthuses
ronaldpr
jrvann
mccox
lkfrost
aclim
wohlwins
"class_06, 9/4/2025"
kh155
aashish
dd26
aclim
ybobbala
jsmateo
devarr
swaindr
mp79
gorme
dw58
adocteur
jarega
ssjadhav
tl26
lkfrost
gormanct
khix
sdindl
bds7
tkorth
pab6
ashjj
lrlamb
trd7
tabakian
codyam
ronaldpr
jrvann
mccox
neerattr
muthuses
jiaxuanz
wohlwins
ewf
vanvoora
wthacher
spaladi
jmr40
pedrof
"class_07, 9/9/2025"
kh155
aashish
swaindr
suprawee
ybobbala
ewf
aclim
tabakian
dm99
neerattr
jarega
devarr
jiaxuanz
wthacher
vanvoora
dw58
gorme
gormanct
mp79
jmr40
tl26
ssjadhav
bds7
sdindl
khix
ddabe
pedrof
tbraley
tkorth
nnicodin
wohlwins
lrlamb
camronm
ronaldpr
codyam
spaladi
jrvann
mccox
crb27
pab6
ashjj
muthuses
"class_08, 9/11/2025"
aashish
suprawee
jiaxuanz
jsmateo
devarr
jarega
wthacher
gormanct
wohlwins
dw58
gorme
vanvoora
jmr40
muthuses
ssjadhav
tl26
lkfrost
mp79
ddabe
khix
bds7
nnicodin
tkorth
pedrof
spaladi
lrlamb
trd7
ronaldpr
codyam
tabakian
neerattr
ewf
ybobbala
adocteur
"class_09, 9/16/2025"
kh155
tabakian
neerattr
aashish
ewf
wthacher
vanvoora
jiaxuanz
ybobbala
dm99
dw58
mp79
gorme
wohlwins
spaladi
ssjadhav
jmr40
tl26
lkfrost
gormanct
ddabe
khix
aclim
bds7
nnicodin
sdindl
jrvann
ronaldpr
adocteur
pab6
ashjj
codyam
trd7
"class_10, 9/18/2025"
kh155
aashish
wthacher
ewf
jsmateo
devarr
jarega
dm99
dw58
mp79
wohlwins
ybobbala
aclim
ssjadhav
jmr40
lkfrost
gormanct
ddabe
pedrof
jiaxuanz
nnicodin
pab6
ashjj
lrlamb
camronm
spaladi
dd26
tabakian
codyam
vanvoora
neerattr
"class_11, 9/22/2025"
kh155
ewf
neerattr
swaindr
wthacher
ashjj
aashish
dw58
spaladi
devarr
aclim
ybobbala
gorme
mp79
gormanct
jmr40
tl26
ssjadhav
jiaxuanz
wohlwins
khix
bds7
nnicodin
ddabe
lrlamb
suprawee
codyam
trd7
jrvann
dm99
tabakian
mccox
jsmateo
dd26
lkfrost
pedrof
vanvoora
adocteur
"class_12, 9/25/2025"
kh155
pab6
muthuses
aashish
ewf
neerattr
vanvoora
wthacher
ashjj
dw58
gorme
wohlwins
gormanct
jmr40
tl26
ssjadhav
aclim
ybobbala
mp79
ddabe
jiaxuanz
khix
bds7
nnicodin
pedrof
lrlamb
trd7
camronm
spaladi
codyam
dm99
tabakian
adocteur
lkfrost
suprawee
"class_13, 9/30/2025"
dd26
aashish
ybobbala
wthacher
ewf
neerattr
vanvoora
kh155
wohlwins
tabakian
jarega
devarr
dw58
mp79
jmr40
tl26
jiaxuanz
gormanct
ddabe
khix
pedrof
tkorth
nnicodin
lrlamb
chhetrik
trd7
jrvann
dm99
mccox
suprawee
spaladi
adocteur
lkfrost
"class_14, 10/2/2025"
kh155
tabakian
wthacher
jsmateo
codyam
dm99
mccox
jrvann
lrlamb
spaladi
devarr
wohlwins
dw58
mp79
kmr40
tl26
ssjadhav
bds7
khix
ddabe
pedrof
tkorth
vanvoora
neerattr
ybobbala
jiaxuanz
aashish
adocteur
"class_15, 10/7/2025"
kh155
dd26
khix
aashish
tl26
wohlwins
tabalcian
dm99
swaindr
mp79
mccox
ewf
camronm
gorme
dw58
jrvonn
crb27
jarega
lkfrost
jmr46
ashjj
pab6
nnicodin
jiaxuanz
suprawee
codyam
trd7
gormanct
wthacher
neerattr
vanvoora
tkorth
chhetrik
jsmateo
spaladi
devarr
ybobbala
lrlamb
ddabe
muthuses
sdindl
ssjadhav
tbraley
anshp
adocteur
"class_16, 10/14/2025"
wohlwins
kh155
ybobbala
tabakian
ewf
spaladi
tl26
jmr46
mp79
gormanct
ddabe
nnicodin
bds7
lrlamb
tkorth
ssjadhav
jrvann
mccox
codyam
adocteur
pab6
ashjj
dm99
dw58
trd7
aashish
pedrof
lkfrost
jiaxuanz
"class_17, 10/16/2025"
kh155
tabakian
ybobbala
vanvoora
neerattr
wthacher
ewf
jsmateo
codyam
aashish
dm99
spaladi
trd7
lrlamb
ssjadhav
jmr46
mp79
dw58
wohlwins
lkfrost
jiaxuanz
gormanct
ddabe
khix
bds7
nnicodin
tkorth
pedrof
"class_18, 10/21/2025"
wohlwins
kh155
ybobbala
vanvoora
ewf
jsmateo
swaindr
neerattr
dw58
lkfrost
jiaxuanz
tl26
mp79
gormanct
khix
pedrof
sdindl
tkorth
nnicodin
bds7
lrlamb
trd7
codyam
spaladi
mccox
dd26
aashish
dm99
adocteur
ssjadhav
ddabe
wthacher
tabakian
"class_19, 10/23/2025"
kh155
aashish
ewf
vanvoora
wthacher
neerattr
jsmateo
spaladi
ssjadhav
tl26
gormanct
ddabe
khix
bds7
nnicodin
tkorth
lrlamb
crb27
codyam
adocteur
dm99
jrvann
pab6
mccox
ashjj
wohlwins
dw58
ybobbala
jiaxuanz
tabakian
"class_20, 10/28/2025"
kh155
ewf
jsmateo
ybobbala
spaladi
ssjadhav
tl26
jmr46
mp79
dw58
gormanct
ddabe
pedrof
nnicodin
lrlamb
mccox
codyam
jarega
adocteur
dd26
aashish
dm99
"class_21, 10/30/2025"
kh155
trd7
pedrof
nnicodin
tkorth
jmr46
bds7
codyam
mccox
dm99
dw58
mp79
ddabe
aashish
spaladi
ewf
neerattr
vanvoora
wohlwins
adocteur
jiaxuanz
ssjadhav
"class_22, 11/4/2025"
kh155
vanvoora
wthacher
ewf
jsmateo
lrlamb
tl26
ssjadhav
bds7
nnicodin
tkorth
khix
gormanct
ddabe
mp79
dw58
ybobbala
mccox
crb27
aashish
dd26
codyam
dm99
jiaxuanz
adocteur
wohlwins
class_23
NULL
"class_24, 11/11/2025"
dm99
khix
ewf
tl26
wthacher
jrvann
aclim
trd7
nnicodin
devarr
tbraley
swaindr
anshp
jarega
ashjj
crb27
suprawee
lkfrost
muthuses
bds7
jsmateo
wohlwins
codyam
jiaxuanz
jmr46
gorme
pab6
ssjadhav
mp79
aashish
kh155
dd26
mccox
adocteur
spaladi
sdindl
lrlamb
pedrof
tkorth
ddabe
dw58
"class_25, 11/13/2025"
kh155
aashish
swaindr
jsmateo
jiaxuanz
lkfrost
ybobbala
gormanct
pedrof
nnicodin
lrlamb
spaladi
dm99
ssjadhav
tkorth
chhetrik
codyam
ddabe
"class_26, 11/18/2025"
kh115
aashish
vanvoora
neerattr
wthacher
ewf
jsmateo
ybobbala
tl26
jmr46
mp79
dw58
gorme
jiaxuanz
chhetrik
gormanct
ddabe
khix
pab6
nnicodin
tkorth
tbraley
pedrof
sdindl
dm99
wohlwins
bds7
muthuses
ssjadhav
lkfrost
spaladi
adocteur
jarega
"class_27, 11/30/2025"
dm99
nnicodin
tl26
jiaxuanz
crb27
kh155
ybobbala
mp79
ddabe
codyam
aashish
spaladi
lkfrost
tkorth